company,region,state,city,plate_annual_bu,actual_annual_bu,daily_rate_bu,county_fips5,asd_code,asd_desc
Ag Processing Inc,West,SD,Aberdeen,54750000,46200000,132000,46013,20,NORTH CENTRAL
Ag Processing Inc,West,SD,David City,54750000,46200000,132000,46093,40,WEST CENTRAL
Ag Processing Inc,West,MN,Dawson,40150000,33880000,96800,27073,40,WEST CENTRAL
Ag Processing Inc,West,IA,Eagle Grove,43800000,36960000,105600,19197,20,NORTH CENTRAL
Ag Processing Inc,West,IA,Emmetsburg,32850000,27720000,79200,19147,10,NORTHWEST
Ag Processing Inc,West,NE,Hastings,73000000,61600000,176000,31001,80,SOUTH
Ag Processing Inc,West,IA,Manning,32850000,27720000,79200,19027,40,WEST CENTRAL
Ag Processing Inc,West,IA,Mason City,32850000,27720000,79200,19033,,
Ag Processing Inc,West,IA,Sergeant Bluff,54750000,46200000,132000,19193,40,WEST CENTRAL
Ag Processing Inc,West,IA,Sheldon,32850000,27720000,79200,19141,10,NORTHWEST
Ag Processing Inc,West,MO,St. Joseph,54750000,46200000,132000,29021,10,NORTHWEST
Archer Daniels Midland Co.,East,IL,Decatur,113150000,95480000,272800,17115,40,CENTRAL
Archer Daniels Midland Co.,West,MO,Deerfield,36500000,30800000,88000,29217,40,WEST
Archer Daniels Midland Co.,West,IA,Des Moines,64605000,54516000,155760,19153,50,CENTRAL
Archer Daniels Midland Co.,West,ND,Enderlin,14600000,12320000,35200,38073,90,SOUTHEAST
Archer Daniels Midland Co.,East,OH,Fostoria,27375000,23100000,66000,39147,20,NORTH CENTRAL
Archer Daniels Midland Co.,East,IN,Frankfort,45625000,38500000,110000,18023,50,CENTRAL
Archer Daniels Midland Co.,West,NE,Fremont,25550000,21560000,61600,31053,60,EAST
Archer Daniels Midland Co.,West,NE,Lincoln,63875000,53900000,154000,31109,60,EAST
Archer Daniels Midland Co.,West,MN,Mankato,60225000,50820000,145200,27013,80,SOUTH CENTRAL
Archer Daniels Midland Co.,West,MO,Mexico,27375000,23100000,66000,29007,30,NORTHEAST
Archer Daniels Midland Co.,East,IL,Quincy,89425000,75460000,215600,17001,30,WEST
Archer Daniels Midland Co.,West,ND,Spiritwood,54750000,46200000,132000,38093,50,CENTRAL
Archer Daniels Midland Co.,East,GA,Valdosta,38325000,32340000,92400,13185,80,SOUTH CENTRAL
Barlett (Savage),West,KS,Cherryvale,47450000,40040000,114400,20125,90,SOUTHEAST
"Bunge North America, Inc.",East,OH,Bellevue,33580000,28336000,80960,39143,,
"Bunge North America, Inc.",East,IL,Cairo,49275000,41580000,118800,17003,,
"Bunge North America, Inc.",West,IA,Council Bluffs,87600000,73920000,211200,19155,70,SOUTHWEST
"Bunge North America, Inc.",East,AL,Decatur,54750000,46200000,132000,01103,10,NORTHERN VALLEY
"Bunge North America, Inc.",East,IN,Decatur,49275000,41580000,118800,18031,50,CENTRAL
"Bunge North America, Inc.",East,OH,Delphos,23725000,20020000,57200,39003,10,NORTHWEST
"Bunge North America, Inc.",East,LA,Destrehan,47450000,40040000,114400,22089,,
"Bunge North America, Inc.",West,KS,Emporia,32850000,27720000,79200,20111,80,EAST CENTRAL
"Bunge North America, Inc.",East,IN,Morristown,74825000,63140000,180400,18145,50,CENTRAL
"Bunge North America, Inc.",East,IL,Gibson City,20075000,16940000,48400,17053,50,EAST
"Cargill, Inc.",East,IL,Bloomington,18250000,15400000,44000,17113,40,CENTRAL
"Cargill, Inc.",West,IA,Cedar Rapids,54750000,46200000,132000,19113,60,EAST CENTRAL
"Cargill, Inc.",East,NC,Fayetteville,45625000,38500000,110000,37051,,
"Cargill, Inc.",East,GA,Gainesville,36500000,30800000,88000,13139,20,NORTH CENTRAL
"Cargill, Inc.",East,AL,Guntersville,34675000,29260000,83600,01095,20,MOUNTAINS & EASTERN VALLEY
"Cargill, Inc.",West,IA,Iowa Falls,34675000,29260000,83600,19083,50,CENTRAL
"Cargill, Inc.",West,MO,Kansas City,73000000,61600000,176000,29095,40,WEST
"Cargill, Inc.",East,IN,Lafayette,31025000,26180000,74800,18157,40,WEST CENTRAL
"Cargill, Inc.",East,KY,Owensboro,54750000,46200000,132000,21059,20,MIDWESTERN
"Cargill, Inc.",East,OH,Sidney,71175000,60060000,171600,39149,40,WEST CENTRAL
"Cargill, Inc.",West,IA,Sioux City,58400000,49280000,140800,19193,40,WEST CENTRAL
"Cargill, Inc.",West,KS,Wichita,38325000,32340000,92400,20173,60,SOUTH CENTRAL
CHS Inc.,West,MN,Fairmont,87600000,73920000,211200,27091,,
CHS Inc.,West,MN,Mankato,51100000,43120000,123200,27013,80,SOUTH CENTRAL
Consolidated Grain & Barge,East,IN,Mt. Vernon,49275000,41580000,118800,18129,70,SOUTHWEST
Coshocton Soy Processing ExPress Meal & Oil,East,OH,Coshocton,0,0,0,39031,60,EAST CENTRAL
High Plains (Swing),West,SD,Mitchell,40150000,33880000,96800,46035,60,EAST CENTRAL
"Incobrasa Industries, Ltd.",East,IL,Gilman,43800000,36960000,105600,17075,50,EAST
Landus Cooperative,West,IA,Ralston,0,0,0,19027,40,WEST CENTRAL
Louis Dreyfus Commodities LLC,East,IN,Claypool,63875000,53900000,154000,18085,20,NORTH CENTRAL
Minnesota Soybean Processors,West,MN,Brewster,41975000,35420000,101200,27105,70,SOUTHWEST
Natural Gold,West,SD,Aberdeen,0,0,0,46013,20,NORTH CENTRAL
ND Soy Processors / CGB,West,ND,Casselton,45625000,38500000,110000,38017,60,EAST CENTRAL
Norfolk Crush,West,IA,Norfolk,40150000,33880000,96800,19013,,
"Perdue Grain and Oilseed, LLC",East,VA,Chesapeake,31025000,26180000,74800,,,
"Perdue Grain and Oilseed, LLC",East,NC,Cofield,14600000,12320000,35200,37091,70,NORTHERN COASTAL
"Perdue Grain and Oilseed, LLC",East,PA,Bainbridge,21900000,18480000,52800,42071,90,SOUTHEASTERN
"Perdue Grain and Oilseed, LLC",East,NC,Pantego,0,0,0,37013,80,CENTRAL COASTAL
"Perdue Grain and Oilseed, LLC",East,MD,Salisbury,22995000,19404000,55440,24045,90,LOWER EASTERN SHORE
Pipeline Foods (Malden Specialty Soy),West,MO,Malden,0,0,0,29069,90,SOUTHEAST
"Platinum Crush, LLC",West,IA,Alta,40150000,33880000,96800,19021,10,NORTHWEST
Quality Roasting LLC,East,MI,Reese,0,0,0,26157,60,EAST CENTRAL
Scoular,West,KS,Goodland,12775000,10780000,30800,20181,10,NORTHWEST
"Riceland Foods, Inc.",East,AR,Stuttgart,32850000,27720000,79200,05001,60,EAST CENTRAL
"Shell Rock Soy Processing, LLC",West,IA,Shell Rock,40150000,33880000,96800,19023,20,NORTH CENTRAL
South Dakota Soybean Processors,West,SD,St Lawrence,0,0,0,46059,50,CENTRAL
South Dakota Soybean Processors,West,SD,Volga,34675000,29260000,83600,46011,60,EAST CENTRAL
Soybest,West,NE,West Point,0,0,0,31039,30,NORTHEAST
Wenger Feeds,East,PA,Rheems,0,0,0,42071,90,SOUTHEASTERN
White River,East,IN,Seymour,0,0,0,18071,,
Zeeland Farm Services Inc,East,MI,Zeeland,12775000,10780000,30800,26139,70,SOUTHWEST
ZFS Creston LLC,West,IA,Creston,0,0,0,19175,80,SOUTH CENTRAL
"ZFS Ithaca, LLC",East,MI,Ithaca,49275000,41580000,118800,26057,50,CENTRAL
