company,state,city,county,process_type,ethanol_gal_yr,corn_input_bu_yr,ddgs_lbs_yr,ddgs_wet_lbs_yr,ddgs_dry_lbs_yr,county_fips5,asd_code,asd_desc
Aemetis,CA,Keyes,Stanislaus,Dry,65900000,23535714,411875000,144156250,267718750,06099,,
"Calgren Renewable Fuels, LLC",CA,Pixley,Tulare,Dry,58000000,20714286,362500000,126875000,235625000,06107,,
Parallel Products Inc,CA,Rancho Cucamonga,San Bernardino,Waste,3000000,1071429,18750000,6562500,12187500,06071,,
MillerCoors/Merrick & Company,CO,Golden,Jefferson,Waste,2000000,714286,12500000,4375000,8125000,08059,,
"Sterling Ethanol, LLC",CO,Sterling,Logan,Dry,60000000,21428571,375000000,131250000,243750000,08075,20,NORTHEAST
"Front Range Energy, LLC",CO,Windsor,Weld,Dry,48000000,17142857,300000000,105000000,195000000,08123,20,NORTHEAST
Yuma Ethanol,CO,Yuma,Yuma,Dry,60000000,21428571,375000000,131250000,243750000,08125,60,EAST CENTRAL
Alltech Baconton,GA,Baconton,Mitchell,Waste,500000,178571,3125000,1093750,2031250,13205,,
Synergy Solutions Crisp County,GA,Cordele,Crisp,Waste,4000000,1428571,25000000,8750000,16250000,13081,,
Valero Renewable Fuels,IA,Albert City,Buena Vista,Dry,135000000,48214286,843750000,295312500,548437500,19021,10,NORTHWEST
POET Biorefining (formerly Flint Hills Resources LP),IA,Arthur,Ida,Dry,132000000,47142857,825000000,288750000,536250000,19093,40,WEST CENTRAL
POET Biorefining (Otter Creek Ethanol),IA,Ashton,Osceola,Dry,68000000,24285714,425000000,148750000,276250000,19143,10,NORTHWEST
Elite Octane,IA,Atlantic,Cass,Dry,175000000,62500000,1093750000,382812500,710937500,19029,,
Vantage Corn Processors (Archer Daniels Midland),IA,Cedar Rapids,Linn,Dry,300000000,107142857,1875000000,656250000,1218750000,19113,60,EAST CENTRAL
Valero Renewable Fuels,IA,Charles City,Floyd,Dry,140000000,50000000,875000000,306250000,568750000,19067,20,NORTH CENTRAL
POET Biorefining (Tall Corn Ethanol Co-op),IA,Coon Rapids,Carroll,Dry,65000000,23214286,406250000,142187500,264062500,19027,40,WEST CENTRAL
POET Biorefining,IA,Corning,Adams,Dry,90000000,32142857,562500000,196875000,365625000,19003,,
"Southwest Iowa Renewable Energy, LLC",IA,Council Bluffs,Pottawattamie,Dry,130000000,46428571,812500000,284375000,528125000,19155,70,SOUTHWEST
The Andersons Marathon Holdings LLC,IA,Denison,Crawford,Dry,0,0,0,0,0,19047,40,WEST CENTRAL
Big River United Energy,IA,Dyersville,Dubuque,Dry,140000000,50000000,875000000,306250000,568750000,19061,30,NORTHEAST
POET Biorefining (Voyager Ethanol),IA,Emmetsburg,Palo Alto,Dry,68000000,24285714,425000000,148750000,276250000,19147,10,NORTHWEST
POET Biorefining (formerly Flint Hills Resources LP),IA,Fairbank,Buchanan,Dry,132000000,47142857,825000000,288750000,536250000,19019,30,NORTHEAST
Valero Renewable Fuels,IA,Fort Dodge,Webster,Dry,140000000,50000000,875000000,306250000,568750000,19187,50,CENTRAL
Quad-County Corn Processors,IA,Galva,Ida,Dry,37000000,13214286,231250000,80937500,150312500,19093,40,WEST CENTRAL
"Corn, LP",IA,Goldfield,Wright,Dry,75000000,26785714,468750000,164062500,304687500,19197,20,NORTH CENTRAL
POET Biorefining,IA,Gowrie,Webster,Dry,90000000,32142857,562500000,196875000,365625000,19187,50,CENTRAL
Louis Dreyfus Commodities,IA,Grand Junction,Greene,Dry,122000000,43571429,762500000,266875000,495625000,19073,40,WEST CENTRAL
POET Biorefining,IA,Hanlontown,Worth,Dry,80000000,28571429,500000000,175000000,325000000,19195,20,NORTH CENTRAL
Valero Renewable Fuels,IA,Hartley,Clay,Dry,140000000,50000000,875000000,306250000,568750000,19041,10,NORTHWEST
POET Biorefining (formerly Flint Hills Resources LP),IA,Iowa Falls,Hardin,Dry,112000000,40000000,700000000,245000000,455000000,19083,50,CENTRAL
POET Biorefining,IA,Jewell,Hamilton,Dry,90000000,32142857,562500000,196875000,365625000,19079,50,CENTRAL
Valero Renewable Fuels,IA,Lakota,Kossuth,Dry,110000000,39285714,687500000,240625000,446875000,19109,,
Homeland Energy Solutions,IA,Lawler,Chickasaw,Dry,200000000,71428571,1250000000,437500000,812500000,19037,30,NORTHEAST
"Little Sioux Corn Processors, LP",IA,Marcus,Cherokee,Dry,165000000,58928571,1031250000,360937500,670312500,19035,10,NORTHWEST
"Golden Grain Energy, LLC",IA,Mason City,Cerro Gordo,Dry,120000000,42857143,750000000,262500000,487500000,19033,,
POET Biorefining (formerly Flint Hills Resources LP),IA,Menlo,Guthrie,Dry,132000000,47142857,825000000,288750000,536250000,19077,,
"Plymouth Energy, LLC",IA,Merrill,Plymouth,Dry,55000000,19642857,343750000,120312500,223437500,19149,10,NORTHWEST
"Lincolnway Energy, LLC",IA,Nevada,Story,Dry,90000000,32142857,562500000,196875000,365625000,19169,50,CENTRAL
POET Biorefining (formerly Flint Hills Resources LP),IA,Shell Rock,Butler,Dry,128000000,45714286,800000000,280000000,520000000,19023,20,NORTH CENTRAL
Green Plains Renewable Energy,IA,Shenandoah,Page,Dry,82000000,29285714,512500000,179375000,333125000,19145,70,SOUTHWEST
Siouxland Energy & Livestock Coop,IA,Sioux Center,Sioux,Dry,90000000,32142857,562500000,196875000,365625000,19167,10,NORTHWEST
"Absolute Energy, LLC",IA,St. Ansgar,Mitchell,Dry,130000000,46428571,812500000,284375000,528125000,19131,20,NORTH CENTRAL
"Pine Lake Corn Processors, LLC",IA,Steamboat Rock,Hardin,Dry,80700000,28821429,504375000,176531250,327843750,19083,50,CENTRAL
Green Plains Renewable Energy,IA,Superior,Dickinson,Dry,60000000,21428571,375000000,131250000,243750000,19059,10,NORTHWEST
"Big River Resources West Burlington, LLC",IA,West Burlington,Des Moines,Dry,130000000,46428571,812500000,284375000,528125000,19057,90,SOUTHEAST
CHS Inc. (Patriot Renewable Fuels LLC),IL,Annawan,Henry,Dry,130000000,46428571,812500000,284375000,528125000,17073,10,NORTHWEST
"Big River Resources Galva, LLC",IL,Galva,Henry,Dry,128800000,46000000,805000000,281750000,523250000,17073,10,NORTHWEST
"Marquis Energy, LLC",IL,Hennepin,Putnam,Dry,395000000,141071429,2468750000,864062500,1604687500,17155,10,NORTHWEST
"Adkins Energy, LLC",IL,Lena,Stephenson,Dry,60000000,21428571,375000000,131250000,243750000,17177,10,NORTHWEST
Green Plains Renewable Energy,IL,Madison,Madison,Dry,90000000,32142857,562500000,196875000,365625000,17119,60,WEST SOUTHWEST
"Lincolnland Agri-Energy, LLC",IL,Palestine,Crawford,Dry,66000000,23571429,412500000,144375000,268125000,17033,70,EAST SOUTHEAST
"Alto Ingredients, Inc.",IL,Pekin,Tazewell,Dry,60000000,21428571,375000000,131250000,243750000,17179,40,CENTRAL
"Alto Ingredients, Inc.",IL,Pekin,Tazewell,Dry,90000000,32142857,562500000,196875000,365625000,17179,40,CENTRAL
CHS Inc. (Illinois River Energy LLC),IL,Rochelle,Ogle,Dry,138000000,49285714,862500000,301875000,560625000,17141,10,NORTHWEST
POET Biorefining,IN,Alexandria,Madison,Dry,90000000,32142857,562500000,196875000,365625000,18095,50,CENTRAL
Valero Renewable Fuels,IN,Bluffton,Wells,Dry,135000000,48214286,843750000,295312500,548437500,18179,30,NORTHEAST
POET Biorefining,IN,Cloverdale,Putnam,Dry,92000000,32857143,575000000,201250000,373750000,18133,40,WEST CENTRAL
The Andersons Marathon Holdings LLC,IN,Clymers,Cass,Dry,0,0,0,0,0,18017,,
Cardinal Ethanol,IN,Harrisville,Randolph,Dry,135000000,48214286,843750000,295312500,548437500,18135,60,EAST CENTRAL
"MGPI of Indiana, LLC",IN,Lawrenceburg,Dearborn,Dry,35000000,12500000,218750000,76562500,142187500,18029,90,SOUTHEAST
Valero Renewable Fuels,IN,Linden,Montgomery,Dry,135000000,48214286,843750000,295312500,548437500,18107,40,WEST CENTRAL
"Central Indiana Ethanol, LLC",IN,Marion,Grant,Dry,60000000,21428571,375000000,131250000,243750000,18053,50,CENTRAL
Green Plains Renewable Energy,IN,Mount Vernon,Posey,Dry,90000000,32142857,562500000,196875000,365625000,18129,70,SOUTHWEST
Valero Renewable Fuels,IN,Mount Vernon,Posey,Dry,100000000,35714286,625000000,218750000,406250000,18129,70,SOUTHWEST
POET Biorefining,IN,North Manchester,Wabash,Dry,90000000,32142857,562500000,196875000,365625000,18169,20,NORTH CENTRAL
POET Biorefining,IN,Portland,Jay,Dry,90000000,32142857,562500000,196875000,365625000,18075,60,EAST CENTRAL
Harvestone Iroquois Bio-Energy Company,IN,Rensselaer,Jasper,Dry,60000000,21428571,375000000,131250000,243750000,18073,10,NORTHWEST
POET Biorefining,IN,Shelbyville,Shelby,Dry,94000000,33571429,587500000,205625000,381875000,18145,50,CENTRAL
"Verbio North America Corp (formerly South Bend Ethanol, LLC)",IN,South Bend,St. Joseph,Dry,85000000,30357143,531250000,185937500,345312500,18141,20,NORTH CENTRAL
"MGPI Processing, Inc.",KS,Atchison,Atchison,Dry,25000000,8928571,156250000,54687500,101562500,20005,70,NORTHEAST
"Western Plains Energy, LLC",KS,Campus,Logan,Dry,52000000,18571429,325000000,113750000,211250000,20109,20,WEST CENTRAL
"Bonanza BioEnergy, LLC",KS,Garden City,Finney,Dry,62000000,22142857,387500000,135625000,251875000,20055,,
"Reeve Agri-Energy, Inc.",KS,Garden City,Finney,Dry,13000000,4642857,81250000,28437500,52812500,20055,,
"East Kansas Agri - Energy, LLC",KS,Garnett,Anderson,Dry,48000000,17142857,300000000,105000000,195000000,20003,,
ESE Alcohol Inc.,KS,Leoti,Wichita,Dry,2000000,714286,12500000,4375000,8125000,20203,20,WEST CENTRAL
"Arkalon Energy, LLC",KS,Liberal,Seward,Dry,110000000,39285714,687500000,240625000,446875000,20175,30,SOUTHWEST
"Kansas Ethanol, LLC",KS,Lyons,Rice,Dry,80000000,28571429,500000000,175000000,325000000,20159,50,CENTRAL
Pratt Energy,KS,Pratt,Pratt,Dry,57000000,20357143,356250000,124687500,231562500,20151,60,SOUTH CENTRAL
Purefield Ingredients Llc (SVPGlobal),KS,Russell,Russell,Dry,55000000,19642857,343750000,120312500,223437500,20167,50,CENTRAL
Butamax Advanced Biofuels LLC (formerly Nesika Energy LLC),KS,Scandia,Republic,Dry,10000000,3571429,62500000,21875000,40625000,20157,,
Commonwealth Agri-Energy,KY,Hopkinsville,Christian,Dry,48000000,17142857,300000000,105000000,195000000,21047,20,MIDWESTERN
Parallel Products Inc,KY,Louisville,Jefferson,Waste,5000000,1785714,31250000,10937500,20312500,21111,,
The Andersons Marathon Holdings LLC,MI,Albion,Calhoun,Dry,147000000,52500000,918750000,321562500,597187500,26025,80,SOUTH CENTRAL
POET Biorefining,MI,Caro,Tuscola,Dry,80000000,28571429,500000000,175000000,325000000,26157,60,EAST CENTRAL
"Marysville Ethanol, LLC",MI,Marysville,St. Clair,Dry,60000000,21428571,375000000,131250000,243750000,26147,90,SOUTHEAST
Carbon Green Bioenergy,MI,Woodbury,Eaton,Dry,59000000,21071429,368750000,129062500,239687500,26045,80,SOUTH CENTRAL
POET Biorefining (Agra Resources Co-op),MN,Albert Lea,Freeborn,Dry,48000000,17142857,300000000,105000000,195000000,27047,80,SOUTH CENTRAL
"Bushmills Ethanol, Inc.",MN,Atwater,Kandiyohi,Dry,90000000,32142857,562500000,196875000,365625000,27067,50,CENTRAL
Chippewa Valley Ethanol Co.,MN,Benson,Swift,Dry,50000000,17857143,312500000,109375000,203125000,27151,40,WEST CENTRAL
POET Biorefining (Ethanol2000 LLP),MN,Bingham Lake,Cottonwood,Dry,35000000,12500000,218750000,76562500,142187500,27033,70,SOUTHWEST
Al-Corn Clean Fuel,MN,Claremont,Dodge,Dry,130000000,46428571,812500000,284375000,528125000,27039,90,SOUTHEAST
"Green Plains Renewable Energy (Buffalo Lake Energy, LLC)",MN,Fairmont,Martin,Dry,119000000,42500000,743750000,260312500,483437500,27091,,
Green Plains Renewable Energy - Otter Tail,MN,Fergus Falls,Otter Tail,Dry,60000000,21428571,375000000,131250000,243750000,27111,40,WEST CENTRAL
"Granite Falls Energy, LLC",MN,Granite Falls,Yellow Medicine,Dry,64000000,22857143,400000000,140000000,260000000,27173,40,WEST CENTRAL
Heron Lake BioEnergy LLC,MN,Heron Lake,Jackson,Dry,66036000,23584286,412725000,144453750,268271250,27063,70,SOUTHWEST
Guardian Energy LLC,MN,Janesville,Waseca,Dry,164000000,58571429,1025000000,358750000,666250000,27161,80,SOUTH CENTRAL
POET Biorefining,MN,Lake Crystal,Blue Earth,Dry,68000000,24285714,425000000,148750000,276250000,27013,80,SOUTH CENTRAL
Highwater Ethanol LLC,MN,Lamberton,Redwood,Dry,67000000,23928571,418750000,146562500,272187500,27127,70,SOUTHWEST
"DENCO II, LLC",MN,Morris,Stevens,Dry,30000000,10714286,187500000,65625000,121875000,27149,40,WEST CENTRAL
POET Biorefining (Pro Corn LLC),MN,Preston,Fillmore,Dry,55000000,19642857,343750000,120312500,223437500,27045,90,SOUTHEAST
Valero Renewable Fuels,MN,Welcome,Martin,Dry,140000000,50000000,875000000,306250000,568750000,27091,,
Greenfield Global (formerly Corn Plus),MN,Winnebago,Faribault,Dry,43000000,15357143,268750000,94062500,174687500,27043,,
Heartland Corn Products,MN,Winthrop,Sibley,Dry,140000000,50000000,875000000,306250000,568750000,27143,50,CENTRAL
Show Me Ethanol,MO,Carrollton,Carroll,Dry,65000000,23214286,406250000,142187500,264062500,29033,20,NORTH CENTRAL
"Golden Triangle Energy, LLC",MO,Craig,Holt,Dry,21000000,7500000,131250000,45937500,85312500,29087,10,NORTHWEST
POET Biorefining,MO,Laddonia,Audrain,Dry,80000000,28571429,500000000,175000000,325000000,29007,30,NORTHEAST
POET Biorefining (Northeast Missouri Grain LLC),MO,Macon,Macon,Dry,55000000,19642857,343750000,120312500,223437500,29121,20,NORTH CENTRAL
"Mid-Missouri Energy, Inc.",MO,Malta Bend,Saline,Dry,60000000,21428571,375000000,131250000,243750000,29195,50,CENTRAL
"Lifeline Foods, LLC - Ethanol (ICM Biofuels LLC)",MO,St. Joseph,Buchanan,Dry,50000000,17857143,312500000,109375000,203125000,29021,10,NORTHWEST
Tharaldson Ethanol Plant,ND,Casselton,Cass,Dry,185000000,66071429,1156250000,404687500,751562500,38017,60,EAST CENTRAL
"Red River Biorefinery, LLC",ND,Grand Forks,Grand Forks,Waste,16500000,5892857,103125000,36093750,67031250,38035,30,NORTHEAST
"Guardian Hankinson, LLC",ND,Hankinson,Richland,Dry,150000000,53571429,937500000,328125000,609375000,38077,90,SOUTHEAST
Harvestone Dakota Spirit,ND,Jamestown,Stutsman,Dry,77000000,27500000,481250000,168437500,312812500,38093,50,CENTRAL
"Red Trail Energy, LLC",ND,Richardton,Stark,Dry,65000000,23214286,406250000,142187500,264062500,38089,70,SOUTHWEST
Harvestone Blue Flint,ND,Underwood,McLean,Dry,74500000,26607143,465625000,162968750,302656250,38055,40,WEST CENTRAL
"E Energy Adams, LLC",NE,Adams,Gage,Dry,101000000,36071429,631250000,220937500,410312500,31067,90,SOUTHEAST
Valero Renewable Fuels,NE,Albion,Boone,Dry,135000000,48214286,843750000,295312500,548437500,31011,,
Sandhills Renewable Energy LLC (formerly Green Plains Renewable Energy),NE,Atkinson,Holt,Dry,55000000,19642857,343750000,120312500,223437500,31089,20,NORTH
"KAAPA Partners Aurora, LLC",NE,Aurora,Hamilton,Dry,150000000,53571429,937500000,328125000,609375000,31081,60,EAST
Bridgeport Ethanol LLC,NE,Bridgeport,Morrill,Dry,54000000,19285714,337500000,118125000,219375000,31123,10,NORTHWEST
Nebraska Corn Processing LLC,NE,Cambridge,Furnas,Dry,50000000,17857143,312500000,109375000,203125000,31065,80,SOUTH
Green Plains Renewable Energy,NE,Central City,Merrick,Dry,116000000,41428571,725000000,253750000,471250000,31121,60,EAST
Vantage Corn Processors (Archer Daniels Midland),NE,Columbus,Platte,Dry,313000000,111785714,1956250000,684687500,1271562500,31141,60,EAST
POET Biorefining (formerly Flint Hills Resources LP),NE,Fairmont,Fillmore,Dry,128000000,45714286,800000000,280000000,520000000,31059,90,SOUTHEAST
"Chief Ethanol Fuels, Inc.",NE,Hastings,Adams,Dry,70000000,25000000,437500000,153125000,284375000,31001,80,SOUTH
"Siouxland Ethanol, LLC",NE,Jackson,Dakota,Dry,96400000,34428571,602500000,210875000,391625000,31043,30,NORTHEAST
Chief Ethanol Fuels Inc.,NE,Lexington,Dawson,Dry,50000000,17857143,312500000,109375000,203125000,31047,50,CENTRAL
"Mid America Agri Products/Wheatland, LLC",NE,Madrid,Perkins,Dry,51000000,18214286,318750000,111562500,207187500,31135,,
"KAAPA Ethanol, LLC",NE,Minden,Kearney,Dry,85000000,30357143,531250000,185937500,345312500,31099,80,SOUTH
"Central Indiana Ethanol, LLC (formerly Louis Dreyfus Commodities [Elkhorn Valley Ethanol])",NE,Norfolk,Madison,Dry,50000000,17857143,312500000,109375000,203125000,31119,30,NORTHEAST
GreenAmerica Biofuels Ord LLC,NE,Ord,Valley,Dry,68000000,24285714,425000000,148750000,276250000,31175,50,CENTRAL
"Husker Ag, LLC",NE,Plainview,Pierce,Dry,109000000,38928571,681250000,238437500,442812500,31139,,
KAAPA Ethanol Ravenna LLC,NE,Ravenna,Buffalo,Dry,125000000,44642857,781250000,273437500,507812500,31019,50,CENTRAL
"Midwest Renewable Energy, LLC",NE,Sutherland,Lincoln,Dry,28000000,10000000,175000000,61250000,113750000,31111,70,SOUTHWEST
"Trenton Agri Products, LLC",NE,Trenton,Hitchcock,Dry,55000000,19642857,343750000,120312500,223437500,31087,70,SOUTHWEST
Green Plains Renewable Energy,NE,Wood River,Hall,Dry,120000000,42857143,750000000,262500000,487500000,31079,50,CENTRAL
Green Plains Renewable Energy,NE,York,York,Dry,50000000,17857143,312500000,109375000,203125000,31185,,
"Western New York Energy, LLC",NY,Medina,Niagara,Dry,65000000,23214286,406250000,142187500,264062500,36063,40,WESTERN
Valero Renewable Fuels,OH,Bloomingburg,Fayette,Dry,135000000,48214286,843750000,295312500,548437500,39047,50,CENTRAL
Three Rivers Energy (CE Acquisitions Co LLC),OH,Coshocton,Coshocton,Dry,50000000,17857143,312500000,109375000,203125000,39031,60,EAST CENTRAL
POET Biorefining,OH,Fostoria,Seneca,Dry,90000000,32142857,562500000,196875000,365625000,39147,20,NORTH CENTRAL
The Andersons Marathon Holdings LLC,OH,Greenville,Darke,Dry,154000000,55000000,962500000,336875000,625625000,39037,40,WEST CENTRAL
POET Biorefining,OH,Leipsic,Putnam,Dry,90000000,32142857,562500000,196875000,365625000,39137,10,NORTHWEST
"Guardian Lima, LLC",OH,Lima,Allen,Dry,84000000,30000000,525000000,183750000,341250000,39003,10,NORTHWEST
POET Biorefining,OH,Marion,Marion,Dry,154000000,55000000,962500000,336875000,625625000,39101,,
"Alto Ingredients, Inc.",OR,Boardman,Morrow,Dry,40000000,14285714,250000000,87500000,162500000,41049,,
ZeaChem Inc.,OR,Boardman,Morrow,Cellulosic,0,0,0,0,0,41049,,
"Summit Natural Energy, Inc.",OR,Cornelius,Washington,Waste,1000000,357143,6250000,2187500,4062500,41067,,
Pennsylvania Grain Processing LLC,PA,Clearfield,Clearfield,Dry,128000000,45714286,800000000,280000000,520000000,42033,50,CENTRAL
"Glacial Lakes Energy, LLC (Hub City Energy Llc)",SD,Aberdeen,Brown,Dry,48000000,17142857,300000000,105000000,195000000,46013,20,NORTH CENTRAL
Valero Renewable Fuels,SD,Aurora,Brookings,Dry,140000000,50000000,875000000,306250000,568750000,46011,60,EAST CENTRAL
POET Biorefining (Northern Lights Ethanol LLC),SD,Big Stone City,Grant,Dry,105000000,37500000,656250000,229687500,426562500,46051,30,NORTHEAST
POET Biorefining (Great Plains Ethanol LLC),SD,Chancellor,Turner,Dry,125000000,44642857,781250000,273437500,507812500,46125,90,SOUTHEAST
POET Biorefining (James Valley Ethanol LLC),SD,Groton,Brown,Dry,68000000,24285714,425000000,148750000,276250000,46013,20,NORTH CENTRAL
POET Biorefining (Sioux River Ethanol),SD,Hudson,Lincoln,Dry,80000000,28571429,500000000,175000000,325000000,46083,90,SOUTHEAST
"Glacial Lakes Energy, LLC (Huron Energy Llc)",SD,Huron,Beadle,Dry,34600000,12357143,216250000,75687500,140562500,46005,,
NuGen Energy,SD,Marion,Turner,Dry,150000000,53571429,937500000,328125000,609375000,46125,90,SOUTHEAST
"Glacial Lakes Energy, LLC",SD,Mina,Edmunds,Dry,130000000,46428571,812500000,284375000,528125000,46045,20,NORTH CENTRAL
POET Biorefining,SD,Mitchell,Davison,Dry,86000000,30714286,537500000,188125000,349375000,46035,60,EAST CENTRAL
Ringneck Energy,SD,Onida,Sully,Dry,80000000,28571429,500000000,175000000,325000000,46119,50,CENTRAL
"Redfield Energy, LLC",SD,Redfield,Spink,Dry,65000000,23214286,406250000,142187500,264062500,46115,20,NORTH CENTRAL
"Red River Energy, LLC",SD,Rosholt,Roberts,Dry,36000000,12857143,225000000,78750000,146250000,46109,30,NORTHEAST
POET Biorefining - Research Center,SD,Scotland,Bon Homme,Dry,12000000,4285714,75000000,26250000,48750000,46009,90,SOUTHEAST
"Glacial Lakes Energy, LLC",SD,Watertown,Codington,Dry,130000000,46428571,812500000,284375000,528125000,46029,,
"Dakota Ethanol, LLC",SD,Wentworth,Lake,Dry,100000000,35714286,625000000,218750000,406250000,46079,,
Dynamic Recycling LLC,TN,Bristol,Sullivan,Waste,4000000,1428571,25000000,8750000,16250000,47163,60,EAST TENNESSEE
Tate & Lyle,TN,Loudon,Loudon,Dry,110000000,39285714,687500000,240625000,446875000,47105,,
Green Plains Renewable Energy,TN,Obion,Obion,Dry,120000000,42857143,750000000,262500000,487500000,47131,10,DELTA
"Hereford Ethanol Partners, L.P.",TX,Hereford,Deaf Smith,Dry,120000000,42857143,750000000,262500000,487500000,48117,11,NORTHERN HIGH PLAINS
White Energy,TX,Hereford,Deaf Smith,Dry,130000000,46428571,812500000,284375000,528125000,48117,11,NORTHERN HIGH PLAINS
Diamond Ethanol,TX,Levelland,Hockley,Dry,40000000,14285714,250000000,87500000,162500000,48219,,
White Energy,TX,Plainview,Hale,Dry,122800000,43857143,767500000,268625000,498875000,48189,11,NORTHERN HIGH PLAINS
"MXI Environmental Services LLC (Maumee Express, Inc.)",VA,Abingdon,Washington,Waste,2000000,714286,12500000,4375000,8125000,51191,,
"Big River Boyceville, LLC",WI,Boyceville,Dunn,Dry,70000000,25000000,437500000,153125000,284375000,55033,40,WEST CENTRAL
Didion Ethanol,WI,Cambria,Columbia,Dry,49300000,17607143,308125000,107843750,200281250,55021,80,SOUTH CENTRAL
"United Wisconsin Grain Producers, LLC",WI,Friesland,Columbia,Dry,62500000,22321429,390625000,136718750,253906250,55021,80,SOUTH CENTRAL
United Ethanol,WI,Milton,Rock,Dry,61000000,21785714,381250000,133437500,247812500,55105,80,SOUTH CENTRAL
"Badger State Ethanol, LLC",WI,Monroe,Green,Dry,90000000,32142857,562500000,196875000,365625000,55045,80,SOUTH CENTRAL
"United Energy Necedah LLC (formerly Marquis Energy - Wisconsin, LLC)",WI,Necedah,Juneau,Dry,106000000,37857143,662500000,231875000,430625000,55057,50,CENTRAL
Fox River Valley,WI,Oshkosh,Winnebago,Dry,64000000,22857143,400000000,140000000,260000000,55139,60,EAST CENTRAL
"Ace Ethanol, LLC",WI,Stanley,Chippewa,Dry,55500000,19821429,346875000,121406250,225468750,55017,10,NORTHWEST
